{
  "home_assistant": {
    "installation_type": "Home Assistant OS",
    "version": "2023.10.3",
    "dev": false,
    "hassio": true,
    "virtualenv": false,
    "python_version": "3.11.5",
    "docker": true,
    "arch": "aarch64",
    "timezone": "Europe/Prague",
    "os_name": "Linux",
    "os_version": "6.1.21-v8",
    "supervisor": "2023.10.0",
    "host_os": "Home Assistant OS 11.0",
    "docker_version": "24.0.6",
    "chassis": "embedded",
    "run_as_root": true
  },
  "custom_components": {
    "nodered": {
      "version": "3.0.1",
      "requirements": []
    },
    "home_connect_alt": {
      "version": "0.6.8",
      "requirements": [
        "home-connect-async==0.7.11"
      ]
    },
    "xiaomi_miot": {
      "version": "0.7.13",
      "requirements": [
        "construct>=2.10.56",
        "python-miio>=0.5.6",
        "micloud>=0.3"
      ]
    },
    "smartthinq_sensors": {
      "version": "0.33.3",
      "requirements": [
        "pycountry>=20.7.3",
        "xmltodict>=0.12.0",
        "charset_normalizer>=2.0.0"
      ]
    },
    "rpi_gpio": {
      "version": "2022.7.0",
      "requirements": [
        "RPi.GPIO==0.7.1"
      ]
    },
    "openwrt": {
      "version": "0.0.2",
      "requirements": []
    },
    "hacs": {
      "version": "1.33.0",
      "requirements": [
        "aiogithubapi>=22.10.1"
      ]
    },
    "tapo": {
      "version": "2.9.0",
      "requirements": [
        "plugp100==3.10.3"
      ]
    },
    "dreame_vacuum": {
      "version": "v1.0.1",
      "requirements": [
        "pillow",
        "numpy",
        "pybase64",
        "requests",
        "pycryptodome",
        "python-miio",
        "py-mini-racer",
        "tzlocal"
      ]
    },
    "var": {
      "version": "0.15.0",
      "requirements": []
    },
    "alarmo": {
      "version": "v1.9.10",
      "requirements": []
    },
    "scheduler": {
      "version": "v0.0.0",
      "requirements": []
    }
  },
  "integration_manifest": {
    "domain": "zha",
    "name": "Zigbee Home Automation",
    "after_dependencies": [
      "onboarding",
      "usb"
    ],
    "codeowners": [
      "@dmulcahey",
      "@adminiuga",
      "@puddly"
    ],
    "config_flow": true,
    "dependencies": [
      "file_upload"
    ],
    "documentation": "https://www.home-assistant.io/integrations/zha",
    "iot_class": "local_polling",
    "loggers": [
      "aiosqlite",
      "bellows",
      "crccheck",
      "pure_pcapy3",
      "zhaquirks",
      "zigpy",
      "zigpy_deconz",
      "zigpy_xbee",
      "zigpy_zigate",
      "zigpy_znp",
      "universal_silabs_flasher"
    ],
    "requirements": [
      "bellows==0.36.5",
      "pyserial==3.5",
      "pyserial-asyncio==0.6",
      "zha-quirks==0.0.104",
      "zigpy-deconz==0.21.1",
      "zigpy==0.57.2",
      "zigpy-xbee==0.18.3",
      "zigpy-zigate==0.11.0",
      "zigpy-znp==0.11.5",
      "universal-silabs-flasher==0.0.14",
      "pyserial-asyncio-fast==0.11"
    ],
    "usb": [
      {
        "vid": "10C4",
        "pid": "EA60",
        "description": "*2652*",
        "known_devices": [
          "slae.sh cc2652rb stick"
        ]
      },
      {
        "vid": "1A86",
        "pid": "55D4",
        "description": "*sonoff*plus*",
        "known_devices": [
          "sonoff zigbee dongle plus v2"
        ]
      },
      {
        "vid": "10C4",
        "pid": "EA60",
        "description": "*sonoff*plus*",
        "known_devices": [
          "sonoff zigbee dongle plus"
        ]
      },
      {
        "vid": "10C4",
        "pid": "EA60",
        "description": "*tubeszb*",
        "known_devices": [
          "TubesZB Coordinator"
        ]
      },
      {
        "vid": "1A86",
        "pid": "7523",
        "description": "*tubeszb*",
        "known_devices": [
          "TubesZB Coordinator"
        ]
      },
      {
        "vid": "1A86",
        "pid": "7523",
        "description": "*zigstar*",
        "known_devices": [
          "ZigStar Coordinators"
        ]
      },
      {
        "vid": "1CF1",
        "pid": "0030",
        "description": "*conbee*",
        "known_devices": [
          "Conbee II"
        ]
      },
      {
        "vid": "10C4",
        "pid": "8A2A",
        "description": "*zigbee*",
        "known_devices": [
          "Nortek HUSBZB-1"
        ]
      },
      {
        "vid": "0403",
        "pid": "6015",
        "description": "*zigate*",
        "known_devices": [
          "ZiGate+"
        ]
      },
      {
        "vid": "10C4",
        "pid": "EA60",
        "description": "*zigate*",
        "known_devices": [
          "ZiGate"
        ]
      },
      {
        "vid": "10C4",
        "pid": "8B34",
        "description": "*bv 2010/10*",
        "known_devices": [
          "Bitron Video AV2010/10"
        ]
      }
    ],
    "zeroconf": [
      {
        "type": "_esphomelib._tcp.local.",
        "name": "tube*"
      },
      {
        "type": "_zigate-zigbee-gateway._tcp.local.",
        "name": "*zigate*"
      },
      {
        "type": "_zigstar_gw._tcp.local.",
        "name": "*zigstar*"
      },
      {
        "type": "_uzg-01._tcp.local.",
        "name": "uzg-01*"
      },
      {
        "type": "_slzb-06._tcp.local.",
        "name": "slzb-06*"
      }
    ],
    "is_built_in": true
  },
  "data": {
    "config": {},
    "config_entry": {
      "entry_id": "066f88a50fb5a82bea8dc5975ebeba3b",
      "version": 3,
      "domain": "zha",
      "title": "SONOFF Zigbee 3.0 USB Dongle Plus V2, s/n: 20220815171134 - ITEAD",
      "data": {
        "device": {
          "path": "/dev/serial/by-id/usb-ITEAD_SONOFF_Zigbee_3.0_USB_Dongle_Plus_V2_20220815171134-if00",
          "flow_control": "software",
          "baudrate": 115200
        },
        "radio_type": "ezsp"
      },
      "options": {
        "custom_configuration": {
          "zha_options": {
            "consider_unavailable_mains": 300,
            "enhanced_light_transition": true
          }
        }
      },
      "pref_disable_new_entities": false,
      "pref_disable_polling": false,
      "source": "user",
      "unique_id": null,
      "disabled_by": null
    },
    "application_state": {
      "node_info": {
        "nwk": 0,
        "ieee": "**REDACTED**",
        "logical_type": 0
      },
      "network_info": {
        "extended_pan_id": "**REDACTED**",
        "pan_id": 27606,
        "nwk_update_id": 0,
        "nwk_manager_id": 0,
        "channel": 15,
        "channel_mask": 134215680,
        "security_level": 5,
        "network_key": "**REDACTED**",
        "tc_link_key": {
          "key": [
            90,
            105,
            103,
            66,
            101,
            101,
            65,
            108,
            108,
            105,
            97,
            110,
            99,
            101,
            48,
            57
          ],
          "tx_counter": 135168,
          "rx_counter": 0,
          "seq": 0,
          "partner_ieee": "**REDACTED**"
        },
        "key_table": [],
        "children": [],
        "nwk_addresses": {},
        "stack_specific": {
          "ezsp": {
            "hashed_tclk": "61c0d49efdce4bf82166907104dc42b7"
          }
        },
        "metadata": {
          "ezsp": {
            "manufacturer": "",
            "board": "",
            "version": "6.10.3.0 build 297",
            "stack_version": 8,
            "can_burn_userdata_custom_eui64": true,
            "can_rewrite_custom_eui64": false
          }
        },
        "source": "bellows@0.36.5"
      },
      "counters": {
        "controller_app_counters": {
          "unicast_rx": {
            "__type": "<class 'zigpy.state.Counter'>",
            "repr": "Counter(name='unicast_rx', _raw_value=47780, reset_count=0, _last_reset_value=0)"
          },
          "unicast_tx_success": {
            "__type": "<class 'zigpy.state.Counter'>",
            "repr": "Counter(name='unicast_tx_success', _raw_value=27255, reset_count=0, _last_reset_value=0)"
          },
          "broadcast_tx_success_unexpected": {
            "__type": "<class 'zigpy.state.Counter'>",
            "repr": "Counter(name='broadcast_tx_success_unexpected', _raw_value=1245, reset_count=0, _last_reset_value=0)"
          },
          "broadcast_rx": {
            "__type": "<class 'zigpy.state.Counter'>",
            "repr": "Counter(name='broadcast_rx', _raw_value=1271, reset_count=0, _last_reset_value=0)"
          },
          "unicast_tx_failure": {
            "__type": "<class 'zigpy.state.Counter'>",
            "repr": "Counter(name='unicast_tx_failure', _raw_value=4500, reset_count=0, _last_reset_value=0)"
          },
          "broadcast_tx_success": {
            "__type": "<class 'zigpy.state.Counter'>",
            "repr": "Counter(name='broadcast_tx_success', _raw_value=32, reset_count=0, _last_reset_value=0)"
          },
          "unicast_tx_failure_unexpected": {
            "__type": "<class 'zigpy.state.Counter'>",
            "repr": "Counter(name='unicast_tx_failure_unexpected', _raw_value=17, reset_count=0, _last_reset_value=0)"
          },
          "unicast_tx_success_unexpected": {
            "__type": "<class 'zigpy.state.Counter'>",
            "repr": "Counter(name='unicast_tx_success_unexpected', _raw_value=24, reset_count=0, _last_reset_value=0)"
          },
          "unicast_tx_failure_duplicate": {
            "__type": "<class 'zigpy.state.Counter'>",
            "repr": "Counter(name='unicast_tx_failure_duplicate', _raw_value=1, reset_count=0, _last_reset_value=0)"
          },
          "unicast_tx_success_duplicate": {
            "__type": "<class 'zigpy.state.Counter'>",
            "repr": "Counter(name='unicast_tx_success_duplicate', _raw_value=1, reset_count=0, _last_reset_value=0)"
          }
        },
        "ezsp_counters": {
          "MAC_RX_BROADCAST": {
            "__type": "<class 'zigpy.state.Counter'>",
            "repr": "Counter(name='MAC_RX_BROADCAST', _raw_value=4039, reset_count=3, _last_reset_value=20708)"
          },
          "MAC_TX_BROADCAST": {
            "__type": "<class 'zigpy.state.Counter'>",
            "repr": "Counter(name='MAC_TX_BROADCAST', _raw_value=1355, reset_count=3, _last_reset_value=6790)"
          },
          "MAC_RX_UNICAST": {
            "__type": "<class 'zigpy.state.Counter'>",
            "repr": "Counter(name='MAC_RX_UNICAST', _raw_value=12609, reset_count=3, _last_reset_value=65017)"
          },
          "MAC_TX_UNICAST_SUCCESS": {
            "__type": "<class 'zigpy.state.Counter'>",
            "repr": "Counter(name='MAC_TX_UNICAST_SUCCESS', _raw_value=16349, reset_count=3, _last_reset_value=83117)"
          },
          "MAC_TX_UNICAST_RETRY": {
            "__type": "<class 'zigpy.state.Counter'>",
            "repr": "Counter(name='MAC_TX_UNICAST_RETRY', _raw_value=1456, reset_count=3, _last_reset_value=7410)"
          },
          "MAC_TX_UNICAST_FAILED": {
            "__type": "<class 'zigpy.state.Counter'>",
            "repr": "Counter(name='MAC_TX_UNICAST_FAILED', _raw_value=164, reset_count=3, _last_reset_value=839)"
          },
          "APS_DATA_RX_BROADCAST": {
            "__type": "<class 'zigpy.state.Counter'>",
            "repr": "Counter(name='APS_DATA_RX_BROADCAST', _raw_value=217, reset_count=3, _last_reset_value=1060)"
          },
          "APS_DATA_TX_BROADCAST": {
            "__type": "<class 'zigpy.state.Counter'>",
            "repr": "Counter(name='APS_DATA_TX_BROADCAST', _raw_value=217, reset_count=3, _last_reset_value=1060)"
          },
          "APS_DATA_RX_UNICAST": {
            "__type": "<class 'zigpy.state.Counter'>",
            "repr": "Counter(name='APS_DATA_RX_UNICAST', _raw_value=7747, reset_count=3, _last_reset_value=40016)"
          },
          "APS_DATA_TX_UNICAST_SUCCESS": {
            "__type": "<class 'zigpy.state.Counter'>",
            "repr": "Counter(name='APS_DATA_TX_UNICAST_SUCCESS', _raw_value=4437, reset_count=3, _last_reset_value=22836)"
          },
          "APS_DATA_TX_UNICAST_RETRY": {
            "__type": "<class 'zigpy.state.Counter'>",
            "repr": "Counter(name='APS_DATA_TX_UNICAST_RETRY', _raw_value=3319, reset_count=3, _last_reset_value=16637)"
          },
          "APS_DATA_TX_UNICAST_FAILED": {
            "__type": "<class 'zigpy.state.Counter'>",
            "repr": "Counter(name='APS_DATA_TX_UNICAST_FAILED', _raw_value=758, reset_count=3, _last_reset_value=3743)"
          },
          "ROUTE_DISCOVERY_INITIATED": {
            "__type": "<class 'zigpy.state.Counter'>",
            "repr": "Counter(name='ROUTE_DISCOVERY_INITIATED', _raw_value=188, reset_count=3, _last_reset_value=955)"
          },
          "NEIGHBOR_ADDED": {
            "__type": "<class 'zigpy.state.Counter'>",
            "repr": "Counter(name='NEIGHBOR_ADDED', _raw_value=0, reset_count=3, _last_reset_value=11)"
          },
          "NEIGHBOR_REMOVED": {
            "__type": "<class 'zigpy.state.Counter'>",
            "repr": "Counter(name='NEIGHBOR_REMOVED', _raw_value=0, reset_count=3, _last_reset_value=1)"
          },
          "NEIGHBOR_STALE": {
            "__type": "<class 'zigpy.state.Counter'>",
            "repr": "Counter(name='NEIGHBOR_STALE', _raw_value=1, reset_count=3, _last_reset_value=16)"
          },
          "JOIN_INDICATION": {
            "__type": "<class 'zigpy.state.Counter'>",
            "repr": "Counter(name='JOIN_INDICATION', _raw_value=0, reset_count=3, _last_reset_value=1)"
          },
          "CHILD_REMOVED": {
            "__type": "<class 'zigpy.state.Counter'>",
            "repr": "Counter(name='CHILD_REMOVED', _raw_value=0, reset_count=3, _last_reset_value=0)"
          },
          "ASH_OVERFLOW_ERROR": {
            "__type": "<class 'zigpy.state.Counter'>",
            "repr": "Counter(name='ASH_OVERFLOW_ERROR', _raw_value=0, reset_count=3, _last_reset_value=0)"
          },
          "ASH_FRAMING_ERROR": {
            "__type": "<class 'zigpy.state.Counter'>",
            "repr": "Counter(name='ASH_FRAMING_ERROR', _raw_value=0, reset_count=3, _last_reset_value=0)"
          },
          "ASH_OVERRUN_ERROR": {
            "__type": "<class 'zigpy.state.Counter'>",
            "repr": "Counter(name='ASH_OVERRUN_ERROR', _raw_value=0, reset_count=3, _last_reset_value=0)"
          },
          "NWK_FRAME_COUNTER_FAILURE": {
            "__type": "<class 'zigpy.state.Counter'>",
            "repr": "Counter(name='NWK_FRAME_COUNTER_FAILURE', _raw_value=0, reset_count=3, _last_reset_value=2)"
          },
          "APS_FRAME_COUNTER_FAILURE": {
            "__type": "<class 'zigpy.state.Counter'>",
            "repr": "Counter(name='APS_FRAME_COUNTER_FAILURE', _raw_value=0, reset_count=3, _last_reset_value=0)"
          },
          "UTILITY": {
            "__type": "<class 'zigpy.state.Counter'>",
            "repr": "Counter(name='UTILITY', _raw_value=0, reset_count=3, _last_reset_value=0)"
          },
          "APS_LINK_KEY_NOT_AUTHORIZED": {
            "__type": "<class 'zigpy.state.Counter'>",
            "repr": "Counter(name='APS_LINK_KEY_NOT_AUTHORIZED', _raw_value=0, reset_count=3, _last_reset_value=0)"
          },
          "NWK_DECRYPTION_FAILURE": {
            "__type": "<class 'zigpy.state.Counter'>",
            "repr": "Counter(name='NWK_DECRYPTION_FAILURE', _raw_value=0, reset_count=3, _last_reset_value=0)"
          },
          "APS_DECRYPTION_FAILURE": {
            "__type": "<class 'zigpy.state.Counter'>",
            "repr": "Counter(name='APS_DECRYPTION_FAILURE', _raw_value=0, reset_count=3, _last_reset_value=6)"
          },
          "ALLOCATE_PACKET_BUFFER_FAILURE": {
            "__type": "<class 'zigpy.state.Counter'>",
            "repr": "Counter(name='ALLOCATE_PACKET_BUFFER_FAILURE', _raw_value=0, reset_count=3, _last_reset_value=0)"
          },
          "RELAYED_UNICAST": {
            "__type": "<class 'zigpy.state.Counter'>",
            "repr": "Counter(name='RELAYED_UNICAST', _raw_value=0, reset_count=3, _last_reset_value=0)"
          },
          "PHY_TO_MAC_QUEUE_LIMIT_REACHED": {
            "__type": "<class 'zigpy.state.Counter'>",
            "repr": "Counter(name='PHY_TO_MAC_QUEUE_LIMIT_REACHED', _raw_value=0, reset_count=3, _last_reset_value=0)"
          },
          "PACKET_VALIDATE_LIBRARY_DROPPED_COUNT": {
            "__type": "<class 'zigpy.state.Counter'>",
            "repr": "Counter(name='PACKET_VALIDATE_LIBRARY_DROPPED_COUNT', _raw_value=0, reset_count=3, _last_reset_value=0)"
          },
          "TYPE_NWK_RETRY_OVERFLOW": {
            "__type": "<class 'zigpy.state.Counter'>",
            "repr": "Counter(name='TYPE_NWK_RETRY_OVERFLOW', _raw_value=0, reset_count=3, _last_reset_value=0)"
          },
          "PHY_CCA_FAIL_COUNT": {
            "__type": "<class 'zigpy.state.Counter'>",
            "repr": "Counter(name='PHY_CCA_FAIL_COUNT', _raw_value=114, reset_count=3, _last_reset_value=662)"
          },
          "BROADCAST_TABLE_FULL": {
            "__type": "<class 'zigpy.state.Counter'>",
            "repr": "Counter(name='BROADCAST_TABLE_FULL', _raw_value=0, reset_count=3, _last_reset_value=0)"
          },
          "PTA_LO_PRI_REQUESTED": {
            "__type": "<class 'zigpy.state.Counter'>",
            "repr": "Counter(name='PTA_LO_PRI_REQUESTED', _raw_value=0, reset_count=3, _last_reset_value=0)"
          },
          "PTA_HI_PRI_REQUESTED": {
            "__type": "<class 'zigpy.state.Counter'>",
            "repr": "Counter(name='PTA_HI_PRI_REQUESTED', _raw_value=0, reset_count=3, _last_reset_value=0)"
          },
          "PTA_LO_PRI_DENIED": {
            "__type": "<class 'zigpy.state.Counter'>",
            "repr": "Counter(name='PTA_LO_PRI_DENIED', _raw_value=0, reset_count=3, _last_reset_value=0)"
          },
          "PTA_HI_PRI_DENIED": {
            "__type": "<class 'zigpy.state.Counter'>",
            "repr": "Counter(name='PTA_HI_PRI_DENIED', _raw_value=0, reset_count=3, _last_reset_value=0)"
          },
          "PTA_LO_PRI_TX_ABORTED": {
            "__type": "<class 'zigpy.state.Counter'>",
            "repr": "Counter(name='PTA_LO_PRI_TX_ABORTED', _raw_value=0, reset_count=3, _last_reset_value=0)"
          },
          "PTA_HI_PRI_TX_ABORTED": {
            "__type": "<class 'zigpy.state.Counter'>",
            "repr": "Counter(name='PTA_HI_PRI_TX_ABORTED', _raw_value=0, reset_count=3, _last_reset_value=0)"
          },
          "ADDRESS_CONFLICT_SENT": {
            "__type": "<class 'zigpy.state.Counter'>",
            "repr": "Counter(name='ADDRESS_CONFLICT_SENT', _raw_value=0, reset_count=3, _last_reset_value=0)"
          },
          "EZSP_FREE_BUFFERS": {
            "__type": "<class 'zigpy.state.Counter'>",
            "repr": "Counter(name='EZSP_FREE_BUFFERS', _raw_value=235, reset_count=3, _last_reset_value=0)"
          }
        }
      },
      "broadcast_counters": {},
      "device_counters": {},
      "group_counters": {}
    },
    "energy_scan": {
      "11": 21.09014924761344,
      "12": 46.26944564832987,
      "13": 43.057636198227904,
      "14": 28.30261646762903,
      "15": 87.33047519856483,
      "16": 46.26944564832987,
      "17": 49.512515447068886,
      "18": 99.17601569142556,
      "19": 99.363464769115,
      "20": 99.56814169794553,
      "21": 95.69133648577223,
      "22": 31.01324838787301,
      "23": 31.01324838787301,
      "24": 19.00785284282869,
      "25": 9.713248103580147,
      "26": 73.50699819621309
    },
    "versions": {
      "bellows": "0.36.5",
      "zigpy": "0.57.2",
      "zigpy_deconz": "0.21.1",
      "zigpy_xbee": "0.18.3",
      "zigpy_znp": "0.11.5",
      "zigpy_zigate": "0.11.0",
      "zhaquirks": "0.0.104"
    }
  }
}